{
  "videoName": "table_v7",
  "totalFrames": 72,
  "labels": {
    "0": {
      "frameIndex": 0,
      "label": "wrong",
      "correctedX": 0.6434614793963731,
      "correctedY": 0.35174893975811083
    },
    "1": {
      "frameIndex": 1,
      "label": "wrong",
      "correctedX": 0.6957372566939608,
      "correctedY": 0.4451581165959448
    },
    "2": {
      "frameIndex": 2,
      "label": "wrong",
      "correctedX": 0.7250919039073493,
      "correctedY": 0.43799262738336486
    },
    "3": {
      "frameIndex": 3,
      "label": "wrong",
      "correctedX": 0.7530487107772432,
      "correctedY": 0.4422919209109128
    },
    "4": {
      "frameIndex": 4,
      "label": "wrong",
      "correctedX": 0.7691238747274323,
      "correctedY": 0.40789757269052923
    },
    "5": {
      "frameIndex": 5,
      "label": "wrong",
      "correctedX": 0.7558443914642327,
      "correctedY": 0.4021651813204653
    },
    "6": {
      "frameIndex": 6,
      "label": "wrong",
      "correctedX": 0.7306832652813282,
      "correctedY": 0.41362996406059316
    },
    "7": {
      "frameIndex": 7,
      "label": "wrong",
      "correctedX": 0.6817588532590139,
      "correctedY": 0.48098556265884435
    },
    "8": {
      "frameIndex": 8,
      "label": "wrong",
      "correctedX": 0.7264897442508441,
      "correctedY": 0.5039151281391001
    },
    "9": {
      "frameIndex": 9,
      "label": "wrong",
      "correctedX": 0.7208983828768654,
      "correctedY": 0.509647519509164
    },
    "10": {
      "frameIndex": 10,
      "label": "no_ball"
    },
    "11": {
      "frameIndex": 11,
      "label": "wrong",
      "correctedX": 0.7174037820181286,
      "correctedY": 0.4953165410840042
    },
    "12": {
      "frameIndex": 12,
      "label": "wrong",
      "correctedX": 0.7146081013311392,
      "correctedY": 0.4895841497139402
    },
    "13": {
      "frameIndex": 13,
      "label": "wrong",
      "correctedX": 0.7090167399571604,
      "correctedY": 0.4895841497139402
    },
    "14": {
      "frameIndex": 14,
      "label": "wrong",
      "correctedX": 0.7027264584114343,
      "correctedY": 0.4938834432414882
    },
    "15": {
      "frameIndex": 15,
      "label": "wrong",
      "correctedX": 0.6957372566939608,
      "correctedY": 0.4953165410840042
    },
    "16": {
      "frameIndex": 16,
      "label": "wrong",
      "correctedX": 0.6929415760069715,
      "correctedY": 0.4996158346115521
    },
    "17": {
      "frameIndex": 17,
      "label": "wrong",
      "correctedX": 0.6866512944612453,
      "correctedY": 0.4938834432414882
    },
    "18": {
      "frameIndex": 18,
      "label": "wrong",
      "correctedX": 0.685952374289498,
      "correctedY": 0.4953165410840042
    },
    "19": {
      "frameIndex": 19,
      "label": "wrong",
      "correctedX": 0.6817588532590139,
      "correctedY": 0.4938834432414882
    },
    "20": {
      "frameIndex": 20,
      "label": "wrong",
      "correctedX": 0.6824577734307613,
      "correctedY": 0.4867179540289083
    },
    "21": {
      "frameIndex": 21,
      "label": "no_ball"
    },
    "22": {
      "frameIndex": 22,
      "label": "no_ball"
    },
    "23": {
      "frameIndex": 23,
      "label": "no_ball"
    },
    "24": {
      "frameIndex": 24,
      "label": "no_ball"
    },
    "25": {
      "frameIndex": 25,
      "label": "no_ball"
    },
    "26": {
      "frameIndex": 26,
      "label": "no_ball"
    },
    "27": {
      "frameIndex": 27,
      "label": "no_ball"
    },
    "28": {
      "frameIndex": 28,
      "label": "no_ball"
    },
    "29": {
      "frameIndex": 29,
      "label": "no_ball"
    },
    "30": {
      "frameIndex": 30,
      "label": "no_ball"
    },
    "31": {
      "frameIndex": 31,
      "label": "no_ball"
    },
    "32": {
      "frameIndex": 32,
      "label": "no_ball"
    },
    "33": {
      "frameIndex": 33,
      "label": "no_ball"
    },
    "34": {
      "frameIndex": 34,
      "label": "no_ball"
    },
    "35": {
      "frameIndex": 35,
      "label": "no_ball"
    },
    "36": {
      "frameIndex": 36,
      "label": "no_ball"
    },
    "37": {
      "frameIndex": 37,
      "label": "no_ball"
    },
    "38": {
      "frameIndex": 38,
      "label": "no_ball"
    },
    "39": {
      "frameIndex": 39,
      "label": "no_ball"
    },
    "40": {
      "frameIndex": 40,
      "label": "wrong",
      "correctedX": 0.6006841133363218,
      "correctedY": 0.3949996921078854
    },
    "41": {
      "frameIndex": 41,
      "label": "wrong",
      "correctedX": 0.6125657562560266,
      "correctedY": 0.3577391482024699
    },
    "42": {
      "frameIndex": 42,
      "label": "wrong",
      "correctedX": 0.6146625167712686,
      "correctedY": 0.3391088762497621
    },
    "43": {
      "frameIndex": 43,
      "label": "wrong",
      "correctedX": 0.6146625167712686,
      "correctedY": 0.34484126761982603
    },
    "44": {
      "frameIndex": 44,
      "label": "wrong",
      "correctedX": 0.6160603571147634,
      "correctedY": 0.28608425607667076
    },
    "45": {
      "frameIndex": 45,
      "label": "wrong",
      "correctedX": 0.6125657562560266,
      "correctedY": 0.263154690596415
    },
    "46": {
      "frameIndex": 46,
      "label": "wrong",
      "correctedX": 0.611167915912532,
      "correctedY": 0.25742229922635107
    },
    "47": {
      "frameIndex": 47,
      "label": "wrong",
      "correctedX": 0.6195549579735,
      "correctedY": 0.266020886281447
    },
    "48": {
      "frameIndex": 48,
      "label": "wrong",
      "correctedX": 0.6614901682783408,
      "correctedY": 0.34627436546234197
    },
    "49": {
      "frameIndex": 49,
      "label": "wrong",
      "correctedX": 0.6915437356634767,
      "correctedY": 0.4351264316983329
    },
    "50": {
      "frameIndex": 50,
      "label": "wrong",
      "correctedX": 0.7348767863118122,
      "correctedY": 0.6472249123906983
    },
    "51": {
      "frameIndex": 51,
      "label": "wrong",
      "correctedX": 0.7803065974753898,
      "correctedY": 0.7160136088314655
    },
    "52": {
      "frameIndex": 52,
      "label": "wrong",
      "correctedX": 0.843209412932651,
      "correctedY": 0.8865522520908674
    },
    "53": {
      "frameIndex": 53,
      "label": "wrong",
      "correctedX": 0.8418115725891563,
      "correctedY": 0.8019994793824244
    },
    "54": {
      "frameIndex": 54,
      "label": "wrong",
      "correctedX": 0.7893925597081053,
      "correctedY": 0.5569397483121914
    },
    "55": {
      "frameIndex": 55,
      "label": "wrong",
      "correctedX": 0.758640072151222,
      "correctedY": 0.48098556265884435
    },
    "56": {
      "frameIndex": 56,
      "label": "wrong",
      "correctedX": 0.7208983828768654,
      "correctedY": 0.4107637683755612
    },
    "57": {
      "frameIndex": 57,
      "label": "wrong",
      "correctedX": 0.7076188996136658,
      "correctedY": 0.3204786042970543
    },
    "58": {
      "frameIndex": 58,
      "label": "wrong",
      "correctedX": 0.6971350970374556,
      "correctedY": 0.34340816977731004
    },
    "59": {
      "frameIndex": 59,
      "label": "wrong",
      "correctedX": 0.6845545339460033,
      "correctedY": 0.43226023601330094
    },
    "60": {
      "frameIndex": 60,
      "label": "wrong",
      "correctedX": 0.690145895319982,
      "correctedY": 0.5010489324540681
    },
    "61": {
      "frameIndex": 61,
      "label": "wrong",
      "correctedX": 0.704124298754929,
      "correctedY": 0.48815105187142427
    },
    "62": {
      "frameIndex": 62,
      "label": "wrong",
      "correctedX": 0.7181027021898759,
      "correctedY": 0.48098556265884435
    },
    "63": {
      "frameIndex": 63,
      "label": "wrong",
      "correctedX": 0.7250919039073493,
      "correctedY": 0.508214421666648
    },
    "64": {
      "frameIndex": 64,
      "label": "wrong",
      "correctedX": 0.7376724669988016,
      "correctedY": 0.506781323824132
    },