{
  "videoName": "video_1",
  "totalFrames": 35,
  "labels": {
    "0": {
      "frameIndex": 0,
      "label": "wrong",
      "correctedX": 0.2769310703152061,
      "correctedY": 0.3578125
    },
    "1": {
      "frameIndex": 1,
      "label": "wrong",
      "correctedX": 0.2658468998960859,
      "correctedY": 0.3015625
    },
    "2": {
      "frameIndex": 2,
      "label": "wrong",
      "correctedX": 0.25199168687218565,
      "correctedY": 0.265625
    },
    "3": {
      "frameIndex": 3,
      "label": "wrong",
      "correctedX": 0.24090751645306546,
      "correctedY": 0.26875
    },
    "4": {
      "frameIndex": 4,
      "label": "wrong",
      "correctedX": 0.22705230342916521,
      "correctedY": 0.303125
    },
    "5": {
      "frameIndex": 5,
      "label": "wrong",
      "correctedX": 0.210946457566566,
      "correctedY": 0.3817328453063965
    },
    "6": {
      "frameIndex": 6,
      "label": "wrong",
      "correctedX": 0.3383800834910196,
      "correctedY": 0.3254828453063965
    },
    "7": {
      "frameIndex": 7,
      "label": "wrong",
      "correctedX": 0.5207828195358504,
      "correctedY": 0.2421875
    },
    "8": {
      "frameIndex": 8,
      "label": "wrong",
      "correctedX": 0.670419120193973,
      "correctedY": 0.2
    },
    "9": {
      "frameIndex": 9,
      "label": "wrong",
      "correctedX": 0.6815032906130932,
      "correctedY": 0.1796875
    },
    "10": {
      "frameIndex": 10,
      "label": "wrong",
      "correctedX": 0.5401801177693107,
      "correctedY": 0.1625
    },
    "11": {
      "frameIndex": 11,
      "label": "wrong",
      "correctedX": 0.40162798753030826,
      "correctedY": 0.175
    },
    "12": {
      "frameIndex": 12,
      "label": "wrong",
      "correctedX": 0.25199168687218565,
      "correctedY": 0.2234375
    },
    "13": {
      "frameIndex": 13,
      "label": "wrong",
      "correctedX": 0.09127121579494285,
      "correctedY": 0.303125
    },
    "14": {
      "frameIndex": 14,
      "label": "wrong",
      "correctedX": 0.030308278489781782,
      "correctedY": 0.36875
    },
    "15": {
      "frameIndex": 15,
      "label": "wrong",
      "correctedX": 0.3046414963630066,
      "correctedY": 0.271875
    },
    "16": {
      "frameIndex": 16,
      "label": "wrong",
      "correctedX": 0.5346380325597506,
      "correctedY": 0.2234375
    },
    "17": {
      "frameIndex": 17,
      "label": "wrong",
      "correctedX": 0.7230689296847939,
      "correctedY": 0.21875
    },
    "18": {
      "frameIndex": 18,
      "label": "wrong",
      "correctedX": 0.5678905438171112,
      "correctedY": 0.2078125
    },
    "19": {
      "frameIndex": 19,
      "label": "wrong",
      "correctedX": 0.39885694492552826,
      "correctedY": 0.2203125
    },
    "20": {
      "frameIndex": 20,
      "label": "wrong",
      "correctedX": 0.20096901402738215,
      "correctedY": 0.27239580154418946
    },
    "21": {
      "frameIndex": 21,
      "label": "no_ball"
    },
    "22": {
      "frameIndex": 22,
      "label": "wrong",
      "correctedX": 0.20650662331396374,
      "correctedY": 0.3046875
    },
    "23": {
      "frameIndex": 23,
      "label": "wrong",
      "correctedX": 0.4640054551400076,
      "correctedY": 0.23697915077209472
    },
    "24": {
      "frameIndex": 24,
      "label": "wrong",
      "correctedX": 0.6633593894569448,
      "correctedY": 0.22447915077209474
    },
    "25": {
      "frameIndex": 25,
      "label": "wrong",
      "correctedX": 0.6467077521894259,
      "correctedY": 0.2113454918332967
    },
    "26": {
      "frameIndex": 26,
      "label": "wrong",
      "correctedX": 0.464028543626338,
      "correctedY": 0.19415757220635269
    },
    "27": {
      "frameIndex": 27,
      "label": "wrong",
      "correctedX": 0.2758136014704292,
      "correctedY": 0.21759564442491272
    },
    "28": {
      "frameIndex": 28,
      "label": "wrong",
      "correctedX": 0.07375932533246837,
      "correctedY": 0.27853463219316876
    },
    "29": {
      "frameIndex": 29,
      "label": "no_ball"
    },
    "30": {
      "frameIndex": 30,
      "label": "wrong",
      "correctedX": 0.5180117769310704,
      "correctedY": 0.3015625
    },
    "31": {
      "frameIndex": 31,
      "label": "wrong",
      "correctedX": 0.6870453758226532,
      "correctedY": 0.2515625
    },
    "32": {
      "frameIndex": 32,
      "label": "wrong",
      "correctedX": 0.3101835815725667,
      "correctedY": 0.140625
    },
    "33": {
      "frameIndex": 33,
      "label": "no_ball"
    },
    "34": {
      "frameIndex": 34,
      "label": "no_ball"
    }
  }
}