{
  "videoName": "table_v2",
  "totalFrames": 24,
  "labels": {
    "0": {
      "frameIndex": 0,
      "label": "wrong",
      "correctedX": 0.4320604017561359,
      "correctedY": 0.5242647536996676
    },
    "1": {
      "frameIndex": 1,
      "label": "wrong",
      "correctedX": 0.41732468941911405,
      "correctedY": 0.5379726433955139
    },
    "2": {
      "frameIndex": 2,
      "label": "wrong",
      "correctedX": 0.3976770729697516,
      "correctedY": 0.561649907415612
    },
    "3": {
      "frameIndex": 3,
      "label": "wrong",
      "correctedX": 0.3338223195093235,
      "correctedY": 0.5678807663682695
    },
    "4": {
      "frameIndex": 4,
      "label": "wrong",
      "correctedX": 0.26224885958664595,
      "correctedY": 0.569126938158801
    },
    "5": {
      "frameIndex": 5,
      "label": "wrong",
      "correctedX": 0.1787464896768554,
      "correctedY": 0.6114967790368714
    },
    "6": {
      "frameIndex": 6,
      "label": "wrong",
      "correctedX": 0.21804172257558035,
      "correctedY": 0.5778501406925214
    },
    "7": {
      "frameIndex": 7,
      "label": "wrong",
      "correctedX": 0.3689073488831851,
      "correctedY": 0.4781563974500027
    },
    "8": {
      "frameIndex": 8,
      "label": "wrong",
      "correctedX": 0.4629352276051341,
      "correctedY": 0.4494944462677786
    },
    "9": {
      "frameIndex": 9,
      "label": "wrong",
      "correctedX": 0.53240358576538,
      "correctedY": 0.4594638205920305
    },
    "10": {
      "frameIndex": 10,
      "label": "wrong",
      "correctedX": 0.5822243274762634,
      "correctedY": 0.496848974307975
    },
    "11": {
      "frameIndex": 11,
      "label": "no_ball"
    },
    "12": {
      "frameIndex": 12,
      "label": "wrong",
      "correctedX": 0.6453773803492142,
      "correctedY": 0.42457101045714896
    },
    "13": {
      "frameIndex": 13,
      "label": "wrong",
      "correctedX": 0.6664283979735312,
      "correctedY": 0.41958632329502304
    },
    "14": {
      "frameIndex": 14,
      "label": "wrong",
      "correctedX": 0.6853743138354165,
      "correctedY": 0.43204804120033785
    },
    "15": {
      "frameIndex": 15,
      "label": "wrong",
      "correctedX": 0.6980049244100066,
      "correctedY": 0.46070999238256194
    },
    "16": {
      "frameIndex": 16,
      "label": "no_ball"
    },
    "17": {
      "frameIndex": 17,
      "label": "no_ball"
    },
    "18": {
      "frameIndex": 18,
      "label": "no_ball"
    },
    "19": {
      "frameIndex": 19,
      "label": "no_ball"
    },
    "20": {
      "frameIndex": 20,
      "label": "no_ball"
    },
    "21": {
      "frameIndex": 21,
      "label": "no_ball"
    },
    "22": {
      "frameIndex": 22,
      "label": "no_ball",
      "correctedX": 0.7225644449717097,
      "correctedY": 0.46818702312575083
    },
    "23": {
      "frameIndex": 23,
      "label": "no_ball"
    }
  }
}