{
  "videoName": "video_2",
  "totalFrames": 72,
  "labels": {
    "0": {
      "frameIndex": 0,
      "label": "wrong",
      "correctedX": 0.4257443082311734,
      "correctedY": 0.409375
    },
    "1": {
      "frameIndex": 1,
      "label": "wrong",
      "correctedX": 0.32206654991243433,
      "correctedY": 0.434375
    },
    "2": {
      "frameIndex": 2,
      "label": "wrong",
      "correctedX": 0.2520140105078809,
      "correctedY": 0.4359375
    },
    "3": {
      "frameIndex": 3,
      "label": "correct",
      "correctedX": 0.1466922,
      "correctedY": 0.4244918
    },
    "4": {
      "frameIndex": 4,
      "label": "wrong",
      "correctedX": 0.212784588441331,
      "correctedY": 0.409375
    },
    "5": {
      "frameIndex": 5,
      "label": "wrong",
      "correctedX": 0.36970227670753064,
      "correctedY": 0.39375
    },
    "6": {
      "frameIndex": 6,
      "label": "wrong",
      "correctedX": 0.478984238178634,
      "correctedY": 0.39375
    },
    "7": {
      "frameIndex": 7,
      "label": "wrong",
      "correctedX": 0.5518388791593696,
      "correctedY": 0.415625
    },
    "8": {
      "frameIndex": 8,
      "label": "wrong",
      "correctedX": 0.6106830122591944,
      "correctedY": 0.3984375
    },
    "9": {
      "frameIndex": 9,
      "label": "wrong",
      "correctedX": 0.5938704028021016,
      "correctedY": 0.3953125
    },
    "10": {
      "frameIndex": 10,
      "label": "wrong",
      "correctedX": 0.5154115586690018,
      "correctedY": 0.3890625
    },
    "11": {
      "frameIndex": 11,
      "label": "wrong",
      "correctedX": 0.4481611208406305,
      "correctedY": 0.4046875
    },
    "12": {
      "frameIndex": 12,
      "label": "wrong",
      "correctedX": 0.3809106830122592,
      "correctedY": 0.4171875
    },
    "13": {
      "frameIndex": 13,
      "label": "wrong",
      "correctedX": 0.2968476357267951,
      "correctedY": 0.4296875
    },
    "14": {
      "frameIndex": 14,
      "label": "wrong",
      "correctedX": 0.21838879159369526,
      "correctedY": 0.421875
    },
    "15": {
      "frameIndex": 15,
      "label": "wrong",
      "correctedX": 0.12311733800350262,
      "correctedY": 0.4234375
    },
    "16": {
      "frameIndex": 16,
      "label": "correct",
      "correctedX": 0.164078,
      "correctedY": 0.4086052
    },
    "17": {
      "frameIndex": 17,
      "label": "wrong",
      "correctedX": 0.3276707530647986,
      "correctedY": 0.3859375
    },
    "18": {
      "frameIndex": 18,
      "label": "wrong",
      "correctedX": 0.43975481611208406,
      "correctedY": 0.3859375
    },
    "19": {
      "frameIndex": 19,
      "label": "wrong",
      "correctedX": 0.5154115586690018,
      "correctedY": 0.4015625
    },
    "20": {
      "frameIndex": 20,
      "label": "no_ball"
    },
    "21": {
      "frameIndex": 21,
      "label": "wrong",
      "correctedX": 0.6471103327495622,
      "correctedY": 0.3921875
    },
    "22": {
      "frameIndex": 22,
      "label": "wrong",
      "correctedX": 0.6555166374781086,
      "correctedY": 0.390625
    },
    "23": {
      "frameIndex": 23,
      "label": "wrong",
      "correctedX": 0.5322241681260945,
      "correctedY": 0.3953125
    },
    "24": {
      "frameIndex": 24,
      "label": "wrong",
      "correctedX": 0.3893169877408056,
      "correctedY": 0.434375
    },
    "25": {
      "frameIndex": 25,
      "label": "wrong",
      "correctedX": 0.13432574430823116,
      "correctedY": 0.4171875
    },
    "26": {
      "frameIndex": 26,
      "label": "no_ball"
    },
    "27": {
      "frameIndex": 27,
      "label": "no_ball"
    },
    "28": {
      "frameIndex": 28,
      "label": "no_ball"
    },
    "29": {
      "frameIndex": 29,
      "label": "no_ball"
    },
    "30": {
      "frameIndex": 30,
      "label": "no_ball"
    },
    "31": {
      "frameIndex": 31,
      "label": "no_ball"
    },
    "32": {
      "frameIndex": 32,
      "label": "no_ball"
    },
    "33": {
      "frameIndex": 33,
      "label": "no_ball"
    },
    "34": {
      "frameIndex": 34,
      "label": "no_ball"
    },
    "35": {
      "frameIndex": 35,
      "label": "no_ball"
    },
    "36": {
      "frameIndex": 36,
      "label": "no_ball"
    },
    "37": {
      "frameIndex": 37,
      "label": "wrong",
      "correctedX": 0.10070052539404553,
      "correctedY": 0.315625
    },
    "38": {
      "frameIndex": 38,
      "label": "wrong",
      "correctedX": 0.06987740805604203,
      "correctedY": 0.2953125
    },
    "39": {
      "frameIndex": 39,
      "label": "correct",
      "correctedX": 0.0581818,
      "correctedY": 0.2988204
    },
    "40": {
      "frameIndex": 40,
      "label": "correct",
      "correctedX": 0.0452935,
      "correctedY": 0.3256758
    },
    "41": {
      "frameIndex": 41,
      "label": "no_ball"
    },
    "42": {
      "frameIndex": 42,
      "label": "no_ball"
    },
    "43": {
      "frameIndex": 43,
      "label": "wrong",
      "correctedX": 0.2660245183887916,
      "correctedY": 0.4375
    },
    "44": {
      "frameIndex": 44,
      "label": "wrong",
      "correctedX": 0.3753064798598949,
      "correctedY": 0.4125
    },
    "45": {
      "frameIndex": 45,
      "label": "wrong",
      "correctedX": 0.46217162872154116,
      "correctedY": 0.4015625
    },
    "46": {
      "frameIndex": 46,
      "label": "wrong",
      "correctedX": 0.5322241681260945,
      "correctedY": 0.4078125
    },
    "47": {
      "frameIndex": 47,
      "label": "wrong",
      "correctedX": 0.5910683012259195,
      "correctedY": 0.4171875
    },
    "48": {
      "frameIndex": 48,
      "label": "wrong",
      "correctedX": 0.6359019264448337,
      "correctedY": 0.4015625
    },
    "49": {
      "frameIndex": 49,
      "label": "wrong",
      "correctedX": 0.5854640980735552,
      "correctedY": 0.3953125
    },
    "50": {
      "frameIndex": 50,
      "label": "wrong",
      "correctedX": 0.49859894921190895,
      "correctedY": 0.396875
    },
    "51": {
      "frameIndex": 51,
      "label": "wrong",
      "correctedX": 0.4257443082311734,
      "correctedY": 0.4171875
    },
    "52": {
      "frameIndex": 52,
      "label": "wrong",
      "correctedX": 0.33887915936952717,
      "correctedY": 0.440625
    },
    "53": {
      "frameIndex": 53,
      "label": "wrong",
      "correctedX": 0.27162872154115586,
      "correctedY": 0.4265625
    },
    "54": {
      "frameIndex": 54,
      "label": "wrong",
      "correctedX": 0.18476357267950963,
      "correctedY": 0.4203125
    },
    "55": {
      "frameIndex": 55,
      "label": "correct",
      "correctedX": 0.2210135,
      "correctedY": 0.4095383
    },
    "56": {
      "frameIndex": 56,
      "label": "wrong",
      "correctedX": 0.36690017513134854,
      "correctedY": 0.4
    },
    "57": {
      "frameIndex": 57,
      "label": "wrong",
      "correctedX": 0.4817863397548161,
      "correctedY": 0.4046875
    },
    "58": {
      "frameIndex": 58,
      "label": "wrong",
      "correctedX": 0.5630472854640981,
      "correctedY": 0.4203125
    },
    "59": {
      "frameIndex": 59,
      "label": "wrong",
      "correctedX": 0.624693520140105,
      "correctedY": 0.4046875
    },
    "60": {
      "frameIndex": 60,
      "label": "wrong",
      "correctedX": 0.5966725043782837,
      "correctedY": 0.3984375
    },
    "61": {
      "frameIndex": 61,
      "label": "wrong",
      "correctedX": 0.5322241681260945,
      "correctedY": 0.4
    },
    "62": {
      "frameIndex": 62,
      "label": "wrong",
      "correctedX": 0.45376532399299474,
      "correctedY": 0.4109375
    },
    "63": {
      "frameIndex": 63,
      "label": "wrong",
      "correctedX": 0.37810858143607706,
      "correctedY": 0.43125
    },
    "64": {
      "frameIndex": 64,
      "label": "wrong",
      "correctedX": 0.2968476357267951,
      "correctedY": 0.4265625
    },
    "65": {
      "frameIndex": 65,
      "label": "wrong",